email,mssv,hoten
SyNNVSE160343@fpt.edu.vn,SE160343,Nguyễn Ngọc Vệ Sỹ
ThienNMHSE172145@fpt.edu.vn,SE172145,Nguyễn Mai Hào Thiên
LongDDSE180296@fpt.edu.vn,SE180296,Đặng Đình Long
DuyVQSE180724@fpt.edu.vn,SE180724,Văn Quang Duy
VinhNTKSE180756@fpt.edu.vn,SE180756,Nguyễn Tống Khánh Vĩnh
KhoiDDSE182046@fpt.edu.vn,SE182046,Dương Đình Khôi
QuocTPKSE182112@fpt.edu.vn,SE182112,Trần Phạm Khánh Quốc
ThienVNSE182141@fpt.edu.vn,SE182141,Võ Nhật Thiên
MinhNBMSE182173@fpt.edu.vn,SE182173,Nguyễn Bình Minh
DucPQSE182178@fpt.edu.vn,SE182178,Phạm Quang Đức
ThuanVCTSE182422@fpt.edu.vn,SE182422,Văn Châu Trường Thuận
HoangDVSE183095@fpt.edu.vn,SE183095,Đỗ Việt Hoàng
SonNPXSE183201@fpt.edu.vn,SE183201,Nguyễn Phạm Xuân Sơn
MinhPVSE183365@fpt.edu.vn,SE183365,Phạm Văn Minh
MinhDASE183432@fpt.edu.vn,SE183432,Đỗ Anh Minh
VyNNTSE183571@fpt.edu.vn,SE183571,Nguyễn Ngọc Tường Vy
QuanCASE184141@fpt.edu.vn,SE184141,Chu Anh Quân
TuanPTSE184480@fpt.edu.vn,SE184480,Phan Thanh Tuấn
ThangVLQSE184739@fpt.edu.vn,SE184739,Vũ Lương Quang Thắng
TuanVDSE184988@fpt.edu.vn,SE184988,Vũ Đức Tuấn
TrongTMSE185045@fpt.edu.vn,SE185045,Tăng Minh Trọng
TuLPNSE185102@fpt.edu.vn,SE185102,Lữ Phước Nhật Tú
NamNCNSE190507@fpt.edu.vn,SE190507,Ngô Chí Nam
ThaiDQSE192024@fpt.edu.vn,SE192024,Dương Quốc Thái
NguyenMLSE192120@fpt.edu.vn,SE192120,Mai Lê Nguyên
CuongNNBSE193416@fpt.edu.vn,SE193416,Nguyễn Ngọc Bảo Cường
ThanhNTSE193445@fpt.edu.vn,SE193445,Ngô Tấn Thành
NguyenDNTSE193559@fpt.edu.vn,SE193559,Đoàn Nguyễn Trung Nguyên
ThienLHSE193703@fpt.edu.vn,SE193703,Lê Hưng Thiện
HuyNQSE194044@fpt.edu.vn,SE194044,Nguyễn Quốc Huy
PhatDTSE194093@fpt.edu.vn,SE194093,Đặng Thuận Phát
KhoiNASE194126@fpt.edu.vn,SE194126,Nguyễn Anh Khôi
TruongNDSE194160@fpt.edu.vn,SE194160,Nguyễn Duy Trường
AnDVTSE194622@fpt.edu.vn,SE194622,Dương Vũ Thái An
HungDTSS180069@fpt.edu.vn,SS180069,Đặng Thành Hưng
